[
  {
    "h3": "grid_34.043_-118.458",
    "lat": 34.043,
    "lon": -118.458,
    "p": 1.0,
    "score": 4.08,
    "lag1": 7,
    "ma7": 24.0,
    "ma14": 37.0,
    "city": "LA",
    "pred_date": "2024-01-08",
    "base_date": "2024-01-07"
  },
  {
    "h3": "grid_33.946_-118.4",
    "lat": 33.946,
    "lon": -118.4,
    "p": 0.875,
    "score": 3.255,
    "lag1": 2,
    "ma7": 21.0,
    "ma14": 38.0,
    "city": "LA",
    "pred_date": "2024-01-08",
    "base_date": "2024-01-07"
  },
  {
    "h3": "grid_33.952_-118.391",
    "lat": 33.952,
    "lon": -118.391,
    "p": 0.8333333333333334,
    "score": 3.0,
    "lag1": 1,
    "ma7": 20.0,
    "ma14": 26.0,
    "city": "LA",
    "pred_date": "2024-01-08",
    "base_date": "2024-01-07"
  },
  {
    "h3": "grid_34.102_-118.339",
    "lat": 34.102,
    "lon": -118.339,
    "p": 0.7916666666666666,
    "score": 2.755,
    "lag1": 1,
    "ma7": 19.0,
    "ma14": 31.0,
    "city": "LA",
    "pred_date": "2024-01-08",
    "base_date": "2024-01-07"
  },
  {
    "h3": "grid_34.172_-118.379",
    "lat": 34.172,
    "lon": -118.379,
    "p": 0.75,
    "score": 2.5199999999999996,
    "lag1": 1,
    "ma7": 18.0,
    "ma14": 70.0,
    "city": "LA",
    "pred_date": "2024-01-08",
    "base_date": "2024-01-07"
  },
  {
    "h3": "grid_34.06_-118.275",
    "lat": 34.06,
    "lon": -118.275,
    "p": 0.7083333333333334,
    "score": 2.2950000000000004,
    "lag1": 7,
    "ma7": 17.0,
    "ma14": 26.0,
    "city": "LA",
    "pred_date": "2024-01-08",
    "base_date": "2024-01-07"
  },
  {
    "h3": "grid_34.049_-118.255",
    "lat": 34.049,
    "lon": -118.255,
    "p": 0.6666666666666666,
    "score": 2.08,
    "lag1": 1,
    "ma7": 16.0,
    "ma14": 31.0,
    "city": "LA",
    "pred_date": "2024-01-08",
    "base_date": "2024-01-07"
  },
  {
    "h3": "grid_34.167_-118.376",
    "lat": 34.167,
    "lon": -118.376,
    "p": 0.6666666666666666,
    "score": 2.08,
    "lag1": 4,
    "ma7": 16.0,
    "ma14": 32.0,
    "city": "LA",
    "pred_date": "2024-01-08",
    "base_date": "2024-01-07"
  },
  {
    "h3": "grid_34.158_-118.439",
    "lat": 34.158,
    "lon": -118.439,
    "p": 0.625,
    "score": 1.875,
    "lag1": 2,
    "ma7": 15.0,
    "ma14": 30.0,
    "city": "LA",
    "pred_date": "2024-01-08",
    "base_date": "2024-01-07"
  },
  {
    "h3": "grid_33.953_-118.246",
    "lat": 33.953,
    "lon": -118.246,
    "p": 0.6666666666666666,
    "score": 1.7333333333333334,
    "lag1": 0,
    "ma7": 16.0,
    "ma14": 26.0,
    "city": "LA",
    "pred_date": "2024-01-08",
    "base_date": "2024-01-07"
  },
  {
    "h3": "grid_34.048_-118.258",
    "lat": 34.048,
    "lon": -118.258,
    "p": 0.5833333333333334,
    "score": 1.6800000000000004,
    "lag1": 1,
    "ma7": 14.0,
    "ma14": 26.0,
    "city": "LA",
    "pred_date": "2024-01-08",
    "base_date": "2024-01-07"
  },
  {
    "h3": "grid_34.056_-118.238",
    "lat": 34.056,
    "lon": -118.238,
    "p": 0.5833333333333334,
    "score": 1.6800000000000004,
    "lag1": 3,
    "ma7": 14.0,
    "ma14": 30.0,
    "city": "LA",
    "pred_date": "2024-01-08",
    "base_date": "2024-01-07"
  },
  {
    "h3": "grid_34.194_-118.604",
    "lat": 34.194,
    "lon": -118.604,
    "p": 0.5833333333333334,
    "score": 1.6800000000000004,
    "lag1": 1,
    "ma7": 14.0,
    "ma14": 20.0,
    "city": "LA",
    "pred_date": "2024-01-08",
    "base_date": "2024-01-07"
  },
  {
    "h3": "grid_34.015_-118.309",
    "lat": 34.015,
    "lon": -118.309,
    "p": 0.5416666666666666,
    "score": 1.4949999999999997,
    "lag1": 1,
    "ma7": 13.0,
    "ma14": 15.0,
    "city": "LA",
    "pred_date": "2024-01-08",
    "base_date": "2024-01-07"
  },
  {
    "h3": "grid_34.047_-118.252",
    "lat": 34.047,
    "lon": -118.252,
    "p": 0.5416666666666666,
    "score": 1.4949999999999997,
    "lag1": 2,
    "ma7": 13.0,
    "ma14": 25.0,
    "city": "LA",
    "pred_date": "2024-01-08",
    "base_date": "2024-01-07"
  },
  {
    "h3": "grid_34.048_-118.263",
    "lat": 34.048,
    "lon": -118.263,
    "p": 0.5416666666666666,
    "score": 1.4949999999999997,
    "lag1": 3,
    "ma7": 13.0,
    "ma14": 30.0,
    "city": "LA",
    "pred_date": "2024-01-08",
    "base_date": "2024-01-07"
  },
  {
    "h3": "grid_34.067_-118.346",
    "lat": 34.067,
    "lon": -118.346,
    "p": 0.5416666666666666,
    "score": 1.4949999999999997,
    "lag1": 1,
    "ma7": 13.0,
    "ma14": 24.0,
    "city": "LA",
    "pred_date": "2024-01-08",
    "base_date": "2024-01-07"
  },
  {
    "h3": "grid_34.079_-118.279",
    "lat": 34.079,
    "lon": -118.279,
    "p": 0.5416666666666666,
    "score": 1.4949999999999997,
    "lag1": 1,
    "ma7": 13.0,
    "ma14": 30.0,
    "city": "LA",
    "pred_date": "2024-01-08",
    "base_date": "2024-01-07"
  },
  {
    "h3": "grid_33.937_-118.287",
    "lat": 33.937,
    "lon": -118.287,
    "p": 0.5,
    "score": 1.32,
    "lag1": 1,
    "ma7": 12.0,
    "ma14": 15.0,
    "city": "LA",
    "pred_date": "2024-01-08",
    "base_date": "2024-01-07"
  },
  {
    "h3": "grid_34.102_-118.342",
    "lat": 34.102,
    "lon": -118.342,
    "p": 0.5,
    "score": 1.32,
    "lag1": 3,
    "ma7": 12.0,
    "ma14": 21.0,
    "city": "LA",
    "pred_date": "2024-01-08",
    "base_date": "2024-01-07"
  },
  {
    "h3": "grid_34.215_-118.441",
    "lat": 34.215,
    "lon": -118.441,
    "p": 0.5,
    "score": 1.32,
    "lag1": 2,
    "ma7": 12.0,
    "ma14": 19.0,
    "city": "LA",
    "pred_date": "2024-01-08",
    "base_date": "2024-01-07"
  },
  {
    "h3": "grid_33.93_-118.378",
    "lat": 33.93,
    "lon": -118.378,
    "p": 0.4583333333333333,
    "score": 1.155,
    "lag1": 2,
    "ma7": 11.0,
    "ma14": 15.0,
    "city": "LA",
    "pred_date": "2024-01-08",
    "base_date": "2024-01-07"
  },
  {
    "h3": "grid_33.943_-118.405",
    "lat": 33.943,
    "lon": -118.405,
    "p": 0.4583333333333333,
    "score": 1.155,
    "lag1": 1,
    "ma7": 11.0,
    "ma14": 20.0,
    "city": "LA",
    "pred_date": "2024-01-08",
    "base_date": "2024-01-07"
  },
  {
    "h3": "grid_34.064_-118.305",
    "lat": 34.064,
    "lon": -118.305,
    "p": 0.4583333333333333,
    "score": 1.155,
    "lag1": 1,
    "ma7": 11.0,
    "ma14": 17.0,
    "city": "LA",
    "pred_date": "2024-01-08",
    "base_date": "2024-01-07"
  },
  {
    "h3": "grid_34.098_-118.292",
    "lat": 34.098,
    "lon": -118.292,
    "p": 0.4583333333333333,
    "score": 1.155,
    "lag1": 1,
    "ma7": 11.0,
    "ma14": 14.0,
    "city": "LA",
    "pred_date": "2024-01-08",
    "base_date": "2024-01-07"
  },
  {
    "h3": "grid_34.143_-118.373",
    "lat": 34.143,
    "lon": -118.373,
    "p": 0.4583333333333333,
    "score": 1.155,
    "lag1": 5,
    "ma7": 11.0,
    "ma14": 14.0,
    "city": "LA",
    "pred_date": "2024-01-08",
    "base_date": "2024-01-07"
  },
  {
    "h3": "grid_34.188_-118.602",
    "lat": 34.188,
    "lon": -118.602,
    "p": 0.4583333333333333,
    "score": 1.155,
    "lag1": 1,
    "ma7": 11.0,
    "ma14": 23.0,
    "city": "LA",
    "pred_date": "2024-01-08",
    "base_date": "2024-01-07"
  },
  {
    "h3": "grid_33.969_-118.285",
    "lat": 33.969,
    "lon": -118.285,
    "p": 0.4166666666666667,
    "score": 1.0,
    "lag1": 1,
    "ma7": 10.0,
    "ma14": 16.0,
    "city": "LA",
    "pred_date": "2024-01-08",
    "base_date": "2024-01-07"
  },
  {
    "h3": "grid_34.041_-118.264",
    "lat": 34.041,
    "lon": -118.264,
    "p": 0.4166666666666667,
    "score": 1.0,
    "lag1": 3,
    "ma7": 10.0,
    "ma14": 15.0,
    "city": "LA",
    "pred_date": "2024-01-08",
    "base_date": "2024-01-07"
  },
  {
    "h3": "grid_34.042_-118.382",
    "lat": 34.042,
    "lon": -118.382,
    "p": 0.4166666666666667,
    "score": 1.0,
    "lag1": 1,
    "ma7": 10.0,
    "ma14": 22.0,
    "city": "LA",
    "pred_date": "2024-01-08",
    "base_date": "2024-01-07"
  },
  {
    "h3": "grid_34.048_-118.271",
    "lat": 34.048,
    "lon": -118.271,
    "p": 0.4166666666666667,
    "score": 1.0,
    "lag1": 1,
    "ma7": 10.0,
    "ma14": 25.0,
    "city": "LA",
    "pred_date": "2024-01-08",
    "base_date": "2024-01-07"
  },
  {
    "h3": "grid_34.071_-118.294",
    "lat": 34.071,
    "lon": -118.294,
    "p": 0.4166666666666667,
    "score": 1.0,
    "lag1": 1,
    "ma7": 10.0,
    "ma14": 13.0,
    "city": "LA",
    "pred_date": "2024-01-08",
    "base_date": "2024-01-07"
  },
  {
    "h3": "grid_34.076_-118.373",
    "lat": 34.076,
    "lon": -118.373,
    "p": 0.4166666666666667,
    "score": 1.0,
    "lag1": 1,
    "ma7": 10.0,
    "ma14": 18.0,
    "city": "LA",
    "pred_date": "2024-01-08",
    "base_date": "2024-01-07"
  },
  {
    "h3": "grid_34.098_-118.309",
    "lat": 34.098,
    "lon": -118.309,
    "p": 0.4166666666666667,
    "score": 1.0,
    "lag1": 1,
    "ma7": 10.0,
    "ma14": 18.0,
    "city": "LA",
    "pred_date": "2024-01-08",
    "base_date": "2024-01-07"
  },
  {
    "h3": "grid_34.166_-118.51",
    "lat": 34.166,
    "lon": -118.51,
    "p": 0.4166666666666667,
    "score": 1.0,
    "lag1": 2,
    "ma7": 10.0,
    "ma14": 14.0,
    "city": "LA",
    "pred_date": "2024-01-08",
    "base_date": "2024-01-07"
  },
  {
    "h3": "grid_33.942_-118.287",
    "lat": 33.942,
    "lon": -118.287,
    "p": 0.375,
    "score": 0.8549999999999999,
    "lag1": 1,
    "ma7": 9.0,
    "ma14": 14.0,
    "city": "LA",
    "pred_date": "2024-01-08",
    "base_date": "2024-01-07"
  },
  {
    "h3": "grid_34.042_-118.248",
    "lat": 34.042,
    "lon": -118.248,
    "p": 0.375,
    "score": 0.8549999999999999,
    "lag1": 1,
    "ma7": 9.0,
    "ma14": 23.0,
    "city": "LA",
    "pred_date": "2024-01-08",
    "base_date": "2024-01-07"
  },
  {
    "h3": "grid_34.052_-118.253",
    "lat": 34.052,
    "lon": -118.253,
    "p": 0.375,
    "score": 0.8549999999999999,
    "lag1": 1,
    "ma7": 9.0,
    "ma14": 16.0,
    "city": "LA",
    "pred_date": "2024-01-08",
    "base_date": "2024-01-07"
  },
  {
    "h3": "grid_34.055_-118.268",
    "lat": 34.055,
    "lon": -118.268,
    "p": 0.375,
    "score": 0.8549999999999999,
    "lag1": 2,
    "ma7": 9.0,
    "ma14": 12.0,
    "city": "LA",
    "pred_date": "2024-01-08",
    "base_date": "2024-01-07"
  },
  {
    "h3": "grid_34.056_-118.266",
    "lat": 34.056,
    "lon": -118.266,
    "p": 0.375,
    "score": 0.8549999999999999,
    "lag1": 1,
    "ma7": 9.0,
    "ma14": 11.0,
    "city": "LA",
    "pred_date": "2024-01-08",
    "base_date": "2024-01-07"
  },
  {
    "h3": "grid_34.062_-118.307",
    "lat": 34.062,
    "lon": -118.307,
    "p": 0.375,
    "score": 0.8549999999999999,
    "lag1": 1,
    "ma7": 9.0,
    "ma14": 14.0,
    "city": "LA",
    "pred_date": "2024-01-08",
    "base_date": "2024-01-07"
  },
  {
    "h3": "grid_34.091_-118.333",
    "lat": 34.091,
    "lon": -118.333,
    "p": 0.375,
    "score": 0.8549999999999999,
    "lag1": 2,
    "ma7": 9.0,
    "ma14": 13.0,
    "city": "LA",
    "pred_date": "2024-01-08",
    "base_date": "2024-01-07"
  },
  {
    "h3": "grid_34.098_-118.324",
    "lat": 34.098,
    "lon": -118.324,
    "p": 0.375,
    "score": 0.8549999999999999,
    "lag1": 1,
    "ma7": 9.0,
    "ma14": 13.0,
    "city": "LA",
    "pred_date": "2024-01-08",
    "base_date": "2024-01-07"
  },
  {
    "h3": "grid_34.102_-118.337",
    "lat": 34.102,
    "lon": -118.337,
    "p": 0.375,
    "score": 0.8549999999999999,
    "lag1": 2,
    "ma7": 9.0,
    "ma14": 17.0,
    "city": "LA",
    "pred_date": "2024-01-08",
    "base_date": "2024-01-07"
  },
  {
    "h3": "grid_34.156_-118.463",
    "lat": 34.156,
    "lon": -118.463,
    "p": 0.375,
    "score": 0.8549999999999999,
    "lag1": 1,
    "ma7": 9.0,
    "ma14": 9.0,
    "city": "LA",
    "pred_date": "2024-01-08",
    "base_date": "2024-01-07"
  },
  {
    "h3": "grid_34.185_-118.544",
    "lat": 34.185,
    "lon": -118.544,
    "p": 0.375,
    "score": 0.8549999999999999,
    "lag1": 2,
    "ma7": 9.0,
    "ma14": 11.0,
    "city": "LA",
    "pred_date": "2024-01-08",
    "base_date": "2024-01-07"
  },
  {
    "h3": "grid_34.187_-118.37",
    "lat": 34.187,
    "lon": -118.37,
    "p": 0.375,
    "score": 0.8549999999999999,
    "lag1": 1,
    "ma7": 9.0,
    "ma14": 13.0,
    "city": "LA",
    "pred_date": "2024-01-08",
    "base_date": "2024-01-07"
  },
  {
    "h3": "grid_34.213_-118.458",
    "lat": 34.213,
    "lon": -118.458,
    "p": 0.375,
    "score": 0.8549999999999999,
    "lag1": 2,
    "ma7": 9.0,
    "ma14": 16.0,
    "city": "LA",
    "pred_date": "2024-01-08",
    "base_date": "2024-01-07"
  },
  {
    "h3": "grid_34.232_-118.511",
    "lat": 34.232,
    "lon": -118.511,
    "p": 0.375,
    "score": 0.8549999999999999,
    "lag1": 1,
    "ma7": 9.0,
    "ma14": 13.0,
    "city": "LA",
    "pred_date": "2024-01-08",
    "base_date": "2024-01-07"
  },
  {
    "h3": "grid_33.736_-118.288",
    "lat": 33.736,
    "lon": -118.288,
    "p": 0.3333333333333333,
    "score": 0.72,
    "lag1": 4,
    "ma7": 8.0,
    "ma14": 12.0,
    "city": "LA",
    "pred_date": "2024-01-08",
    "base_date": "2024-01-07"
  },
  {
    "h3": "grid_33.944_-118.27",
    "lat": 33.944,
    "lon": -118.27,
    "p": 0.3333333333333333,
    "score": 0.72,
    "lag1": 1,
    "ma7": 8.0,
    "ma14": 11.0,
    "city": "LA",
    "pred_date": "2024-01-08",
    "base_date": "2024-01-07"
  },
  {
    "h3": "grid_33.976_-118.373",
    "lat": 33.976,
    "lon": -118.373,
    "p": 0.3333333333333333,
    "score": 0.72,
    "lag1": 1,
    "ma7": 8.0,
    "ma14": 17.0,
    "city": "LA",
    "pred_date": "2024-01-08",
    "base_date": "2024-01-07"
  },
  {
    "h3": "grid_34.011_-118.335",
    "lat": 34.011,
    "lon": -118.335,
    "p": 0.3333333333333333,
    "score": 0.72,
    "lag1": 1,
    "ma7": 8.0,
    "ma14": 16.0,
    "city": "LA",
    "pred_date": "2024-01-08",
    "base_date": "2024-01-07"
  },
  {
    "h3": "grid_34.027_-118.281",
    "lat": 34.027,
    "lon": -118.281,
    "p": 0.3333333333333333,
    "score": 0.72,
    "lag1": 2,
    "ma7": 8.0,
    "ma14": 11.0,
    "city": "LA",
    "pred_date": "2024-01-08",
    "base_date": "2024-01-07"
  },
  {
    "h3": "grid_34.041_-118.244",
    "lat": 34.041,
    "lon": -118.244,
    "p": 0.3333333333333333,
    "score": 0.72,
    "lag1": 1,
    "ma7": 8.0,
    "ma14": 12.0,
    "city": "LA",
    "pred_date": "2024-01-08",
    "base_date": "2024-01-07"
  },
  {
    "h3": "grid_34.045_-118.245",
    "lat": 34.045,
    "lon": -118.245,
    "p": 0.3333333333333333,
    "score": 0.72,
    "lag1": 1,
    "ma7": 8.0,
    "ma14": 14.0,
    "city": "LA",
    "pred_date": "2024-01-08",
    "base_date": "2024-01-07"
  },
  {
    "h3": "grid_34.046_-118.261",
    "lat": 34.046,
    "lon": -118.261,
    "p": 0.3333333333333333,
    "score": 0.72,
    "lag1": 3,
    "ma7": 8.0,
    "ma14": 17.0,
    "city": "LA",
    "pred_date": "2024-01-08",
    "base_date": "2024-01-07"
  },
  {
    "h3": "grid_34.047_-118.26",
    "lat": 34.047,
    "lon": -118.26,
    "p": 0.3333333333333333,
    "score": 0.72,
    "lag1": 2,
    "ma7": 8.0,
    "ma14": 18.0,
    "city": "LA",
    "pred_date": "2024-01-08",
    "base_date": "2024-01-07"
  },
  {
    "h3": "grid_34.054_-118.257",
    "lat": 34.054,
    "lon": -118.257,
    "p": 0.3333333333333333,
    "score": 0.72,
    "lag1": 1,
    "ma7": 8.0,
    "ma14": 12.0,
    "city": "LA",
    "pred_date": "2024-01-08",
    "base_date": "2024-01-07"
  },
  {
    "h3": "grid_34.073_-118.376",
    "lat": 34.073,
    "lon": -118.376,
    "p": 0.3333333333333333,
    "score": 0.72,
    "lag1": 2,
    "ma7": 8.0,
    "ma14": 14.0,
    "city": "LA",
    "pred_date": "2024-01-08",
    "base_date": "2024-01-07"
  },
  {
    "h3": "grid_34.088_-118.226",
    "lat": 34.088,
    "lon": -118.226,
    "p": 0.3333333333333333,
    "score": 0.72,
    "lag1": 1,
    "ma7": 8.0,
    "ma14": 9.0,
    "city": "LA",
    "pred_date": "2024-01-08",
    "base_date": "2024-01-07"
  },
  {
    "h3": "grid_34.101_-118.349",
    "lat": 34.101,
    "lon": -118.349,
    "p": 0.3333333333333333,
    "score": 0.72,
    "lag1": 1,
    "ma7": 8.0,
    "ma14": 14.0,
    "city": "LA",
    "pred_date": "2024-01-08",
    "base_date": "2024-01-07"
  },
  {
    "h3": "grid_34.191_-118.594",
    "lat": 34.191,
    "lon": -118.594,
    "p": 0.3333333333333333,
    "score": 0.72,
    "lag1": 1,
    "ma7": 8.0,
    "ma14": 13.0,
    "city": "LA",
    "pred_date": "2024-01-08",
    "base_date": "2024-01-07"
  },
  {
    "h3": "grid_34.057_-118.275",
    "lat": 34.057,
    "lon": -118.275,
    "p": 0.375,
    "score": 0.7124999999999999,
    "lag1": 0,
    "ma7": 9.0,
    "ma14": 15.0,
    "city": "LA",
    "pred_date": "2024-01-08",
    "base_date": "2024-01-07"
  },
  {
    "h3": "grid_33.955_-118.38",
    "lat": 33.955,
    "lon": -118.38,
    "p": 0.2916666666666667,
    "score": 0.5950000000000001,
    "lag1": 1,
    "ma7": 7.0,
    "ma14": 12.0,
    "city": "LA",
    "pred_date": "2024-01-08",
    "base_date": "2024-01-07"
  },
  {
    "h3": "grid_33.964_-118.292",
    "lat": 33.964,
    "lon": -118.292,
    "p": 0.2916666666666667,
    "score": 0.5950000000000001,
    "lag1": 1,
    "ma7": 7.0,
    "ma14": 11.0,
    "city": "LA",
    "pred_date": "2024-01-08",
    "base_date": "2024-01-07"
  },
  {
    "h3": "grid_34.012_-118.335",
    "lat": 34.012,
    "lon": -118.335,
    "p": 0.2916666666666667,
    "score": 0.5950000000000001,
    "lag1": 1,
    "ma7": 7.0,
    "ma14": 8.0,
    "city": "LA",
    "pred_date": "2024-01-08",
    "base_date": "2024-01-07"
  },
  {
    "h3": "grid_34.042_-118.266",
    "lat": 34.042,
    "lon": -118.266,
    "p": 0.2916666666666667,
    "score": 0.5950000000000001,
    "lag1": 2,
    "ma7": 7.0,
    "ma14": 16.0,
    "city": "LA",
    "pred_date": "2024-01-08",
    "base_date": "2024-01-07"
  },
  {
    "h3": "grid_34.044_-118.212",
    "lat": 34.044,
    "lon": -118.212,
    "p": 0.2916666666666667,
    "score": 0.5950000000000001,
    "lag1": 1,
    "ma7": 7.0,
    "ma14": 15.0,
    "city": "LA",
    "pred_date": "2024-01-08",
    "base_date": "2024-01-07"
  },
  {
    "h3": "grid_34.049_-118.259",
    "lat": 34.049,
    "lon": -118.259,
    "p": 0.2916666666666667,
    "score": 0.5950000000000001,
    "lag1": 1,
    "ma7": 7.0,
    "ma14": 13.0,
    "city": "LA",
    "pred_date": "2024-01-08",
    "base_date": "2024-01-07"
  },
  {
    "h3": "grid_34.04_-118.308",
    "lat": 34.04,
    "lon": -118.308,
    "p": 0.2916666666666667,
    "score": 0.5950000000000001,
    "lag1": 1,
    "ma7": 7.0,
    "ma14": 9.0,
    "city": "LA",
    "pred_date": "2024-01-08",
    "base_date": "2024-01-07"
  },
  {
    "h3": "grid_34.054_-118.271",
    "lat": 34.054,
    "lon": -118.271,
    "p": 0.2916666666666667,
    "score": 0.5950000000000001,
    "lag1": 1,
    "ma7": 7.0,
    "ma14": 11.0,
    "city": "LA",
    "pred_date": "2024-01-08",
    "base_date": "2024-01-07"
  },
  {
    "h3": "grid_34.056_-118.277",
    "lat": 34.056,
    "lon": -118.277,
    "p": 0.2916666666666667,
    "score": 0.5950000000000001,
    "lag1": 1,
    "ma7": 7.0,
    "ma14": 11.0,
    "city": "LA",
    "pred_date": "2024-01-08",
    "base_date": "2024-01-07"
  },
  {
    "h3": "grid_34.05_-118.259",
    "lat": 34.05,
    "lon": -118.259,
    "p": 0.2916666666666667,
    "score": 0.5950000000000001,
    "lag1": 2,
    "ma7": 7.0,
    "ma14": 14.0,
    "city": "LA",
    "pred_date": "2024-01-08",
    "base_date": "2024-01-07"
  },
  {
    "h3": "grid_34.073_-118.303",
    "lat": 34.073,
    "lon": -118.303,
    "p": 0.2916666666666667,
    "score": 0.5950000000000001,
    "lag1": 1,
    "ma7": 7.0,
    "ma14": 11.0,
    "city": "LA",
    "pred_date": "2024-01-08",
    "base_date": "2024-01-07"
  },
  {
    "h3": "grid_34.096_-118.292",
    "lat": 34.096,
    "lon": -118.292,
    "p": 0.2916666666666667,
    "score": 0.5950000000000001,
    "lag1": 1,
    "ma7": 7.0,
    "ma14": 7.0,
    "city": "LA",
    "pred_date": "2024-01-08",
    "base_date": "2024-01-07"
  },
  {
    "h3": "grid_34.098_-118.331",
    "lat": 34.098,
    "lon": -118.331,
    "p": 0.2916666666666667,
    "score": 0.5950000000000001,
    "lag1": 2,
    "ma7": 7.0,
    "ma14": 12.0,
    "city": "LA",
    "pred_date": "2024-01-08",
    "base_date": "2024-01-07"
  },
  {
    "h3": "grid_34.101_-118.342",
    "lat": 34.101,
    "lon": -118.342,
    "p": 0.2916666666666667,
    "score": 0.5950000000000001,
    "lag1": 1,
    "ma7": 7.0,
    "ma14": 9.0,
    "city": "LA",
    "pred_date": "2024-01-08",
    "base_date": "2024-01-07"
  },
  {
    "h3": "grid_34.132_-118.28",
    "lat": 34.132,
    "lon": -118.28,
    "p": 0.2916666666666667,
    "score": 0.5950000000000001,
    "lag1": 1,
    "ma7": 7.0,
    "ma14": 8.0,
    "city": "LA",
    "pred_date": "2024-01-08",
    "base_date": "2024-01-07"
  },
  {
    "h3": "grid_34.161_-118.492",
    "lat": 34.161,
    "lon": -118.492,
    "p": 0.2916666666666667,
    "score": 0.5950000000000001,
    "lag1": 1,
    "ma7": 7.0,
    "ma14": 8.0,
    "city": "LA",
    "pred_date": "2024-01-08",
    "base_date": "2024-01-07"
  },
  {
    "h3": "grid_34.167_-118.37",
    "lat": 34.167,
    "lon": -118.37,
    "p": 0.2916666666666667,
    "score": 0.5950000000000001,
    "lag1": 1,
    "ma7": 7.0,
    "ma14": 8.0,
    "city": "LA",
    "pred_date": "2024-01-08",
    "base_date": "2024-01-07"
  },
  {
    "h3": "grid_34.1_-118.33",
    "lat": 34.1,
    "lon": -118.33,
    "p": 0.2916666666666667,
    "score": 0.5950000000000001,
    "lag1": 3,
    "ma7": 7.0,
    "ma14": 11.0,
    "city": "LA",
    "pred_date": "2024-01-08",
    "base_date": "2024-01-07"
  },
  {
    "h3": "grid_34.246_-118.419",
    "lat": 34.246,
    "lon": -118.419,
    "p": 0.2916666666666667,
    "score": 0.5950000000000001,
    "lag1": 1,
    "ma7": 7.0,
    "ma14": 9.0,
    "city": "LA",
    "pred_date": "2024-01-08",
    "base_date": "2024-01-07"
  },
  {
    "h3": "grid_34.274_-118.356",
    "lat": 34.274,
    "lon": -118.356,
    "p": 0.2916666666666667,
    "score": 0.4958333333333334,
    "lag1": 0,
    "ma7": 7.0,
    "ma14": 12.0,
    "city": "LA",
    "pred_date": "2024-01-08",
    "base_date": "2024-01-07"
  },
  {
    "h3": "grid_33.946_-118.274",
    "lat": 33.946,
    "lon": -118.274,
    "p": 0.25,
    "score": 0.48,
    "lag1": 1,
    "ma7": 6.0,
    "ma14": 7.0,
    "city": "LA",
    "pred_date": "2024-01-08",
    "base_date": "2024-01-07"
  },
  {
    "h3": "grid_33.957_-118.263",
    "lat": 33.957,
    "lon": -118.263,
    "p": 0.25,
    "score": 0.48,
    "lag1": 1,
    "ma7": 6.0,
    "ma14": 10.0,
    "city": "LA",
    "pred_date": "2024-01-08",
    "base_date": "2024-01-07"
  },
  {
    "h3": "grid_33.961_-118.292",
    "lat": 33.961,
    "lon": -118.292,
    "p": 0.25,
    "score": 0.48,
    "lag1": 1,
    "ma7": 6.0,
    "ma14": 12.0,
    "city": "LA",
    "pred_date": "2024-01-08",
    "base_date": "2024-01-07"
  },
  {
    "h3": "grid_33.964_-118.298",
    "lat": 33.964,
    "lon": -118.298,
    "p": 0.25,
    "score": 0.48,
    "lag1": 1,
    "ma7": 6.0,
    "ma14": 10.0,
    "city": "LA",
    "pred_date": "2024-01-08",
    "base_date": "2024-01-07"
  },
  {
    "h3": "grid_33.969_-118.283",
    "lat": 33.969,
    "lon": -118.283,
    "p": 0.25,
    "score": 0.48,
    "lag1": 1,
    "ma7": 6.0,
    "ma14": 7.0,
    "city": "LA",
    "pred_date": "2024-01-08",
    "base_date": "2024-01-07"
  },
  {
    "h3": "grid_33.96_-118.287",
    "lat": 33.96,
    "lon": -118.287,
    "p": 0.25,
    "score": 0.48,
    "lag1": 1,
    "ma7": 6.0,
    "ma14": 9.0,
    "city": "LA",
    "pred_date": "2024-01-08",
    "base_date": "2024-01-07"
  },
  {
    "h3": "grid_33.971_-118.311",
    "lat": 33.971,
    "lon": -118.311,
    "p": 0.25,
    "score": 0.48,
    "lag1": 1,
    "ma7": 6.0,
    "ma14": 9.0,
    "city": "LA",
    "pred_date": "2024-01-08",
    "base_date": "2024-01-07"
  },
  {
    "h3": "grid_33.981_-118.3",
    "lat": 33.981,
    "lon": -118.3,
    "p": 0.25,
    "score": 0.48,
    "lag1": 1,
    "ma7": 6.0,
    "ma14": 8.0,
    "city": "LA",
    "pred_date": "2024-01-08",
    "base_date": "2024-01-07"
  },
  {
    "h3": "grid_34.023_-118.242",
    "lat": 34.023,
    "lon": -118.242,
    "p": 0.25,
    "score": 0.48,
    "lag1": 1,
    "ma7": 6.0,
    "ma14": 11.0,
    "city": "LA",
    "pred_date": "2024-01-08",
    "base_date": "2024-01-07"
  },
  {
    "h3": "grid_34.02_-118.345",
    "lat": 34.02,
    "lon": -118.345,
    "p": 0.25,
    "score": 0.48,
    "lag1": 1,
    "ma7": 6.0,
    "ma14": 9.0,
    "city": "LA",
    "pred_date": "2024-01-08",
    "base_date": "2024-01-07"
  },
  {
    "h3": "grid_34.043_-118.261",
    "lat": 34.043,
    "lon": -118.261,
    "p": 0.25,
    "score": 0.48,
    "lag1": 1,
    "ma7": 6.0,
    "ma14": 9.0,
    "city": "LA",
    "pred_date": "2024-01-08",
    "base_date": "2024-01-07"
  },
  {
    "h3": "grid_34.044_-118.263",
    "lat": 34.044,
    "lon": -118.263,
    "p": 0.25,
    "score": 0.48,
    "lag1": 1,
    "ma7": 6.0,
    "ma14": 11.0,
    "city": "LA",
    "pred_date": "2024-01-08",
    "base_date": "2024-01-07"
  },
  {
    "h3": "grid_34.047_-118.242",
    "lat": 34.047,
    "lon": -118.242,
    "p": 0.25,
    "score": 0.48,
    "lag1": 1,
    "ma7": 6.0,
    "ma14": 10.0,
    "city": "LA",
    "pred_date": "2024-01-08",
    "base_date": "2024-01-07"
  },
  {
    "h3": "grid_34.051_-118.297",
    "lat": 34.051,
    "lon": -118.297,
    "p": 0.25,
    "score": 0.48,
    "lag1": 1,
    "ma7": 6.0,
    "ma14": 10.0,
    "city": "LA",
    "pred_date": "2024-01-08",
    "base_date": "2024-01-07"
  },
  {
    "h3": "grid_34.051_-118.464",
    "lat": 34.051,
    "lon": -118.464,
    "p": 0.25,
    "score": 0.48,
    "lag1": 2,
    "ma7": 6.0,
    "ma14": 8.0,
    "city": "LA",
    "pred_date": "2024-01-08",
    "base_date": "2024-01-07"
  },
  {
    "h3": "grid_34.053_-118.303",
    "lat": 34.053,
    "lon": -118.303,
    "p": 0.25,
    "score": 0.48,
    "lag1": 2,
    "ma7": 6.0,
    "ma14": 9.0,
    "city": "LA",
    "pred_date": "2024-01-08",
    "base_date": "2024-01-07"
  },
  {
    "h3": "grid_34.054_-118.244",
    "lat": 34.054,
    "lon": -118.244,
    "p": 0.25,
    "score": 0.48,
    "lag1": 2,
    "ma7": 6.0,
    "ma14": 7.0,
    "city": "LA",
    "pred_date": "2024-01-08",
    "base_date": "2024-01-07"
  },
  {
    "h3": "grid_34.056_-118.298",
    "lat": 34.056,
    "lon": -118.298,
    "p": 0.25,
    "score": 0.48,
    "lag1": 1,
    "ma7": 6.0,
    "ma14": 11.0,
    "city": "LA",
    "pred_date": "2024-01-08",
    "base_date": "2024-01-07"
  },
  {
    "h3": "grid_34.056_-118.31",
    "lat": 34.056,
    "lon": -118.31,
    "p": 0.25,
    "score": 0.48,
    "lag1": 1,
    "ma7": 6.0,
    "ma14": 10.0,
    "city": "LA",
    "pred_date": "2024-01-08",
    "base_date": "2024-01-07"
  },
  {
    "h3": "grid_34.057_-118.254",
    "lat": 34.057,
    "lon": -118.254,
    "p": 0.25,
    "score": 0.48,
    "lag1": 1,
    "ma7": 6.0,
    "ma14": 11.0,
    "city": "LA",
    "pred_date": "2024-01-08",
    "base_date": "2024-01-07"
  },
  {
    "h3": "grid_34.063_-118.246",
    "lat": 34.063,
    "lon": -118.246,
    "p": 0.25,
    "score": 0.48,
    "lag1": 1,
    "ma7": 6.0,
    "ma14": 9.0,
    "city": "LA",
    "pred_date": "2024-01-08",
    "base_date": "2024-01-07"
  },
  {
    "h3": "grid_34.065_-118.35",
    "lat": 34.065,
    "lon": -118.35,
    "p": 0.25,
    "score": 0.48,
    "lag1": 1,
    "ma7": 6.0,
    "ma14": 11.0,
    "city": "LA",
    "pred_date": "2024-01-08",
    "base_date": "2024-01-07"
  },
  {
    "h3": "grid_34.066_-118.282",
    "lat": 34.066,
    "lon": -118.282,
    "p": 0.25,
    "score": 0.48,
    "lag1": 1,
    "ma7": 6.0,
    "ma14": 8.0,
    "city": "LA",
    "pred_date": "2024-01-08",
    "base_date": "2024-01-07"
  },
  {
    "h3": "grid_34.08_-118.302",
    "lat": 34.08,
    "lon": -118.302,
    "p": 0.25,
    "score": 0.48,
    "lag1": 2,
    "ma7": 6.0,
    "ma14": 11.0,
    "city": "LA",
    "pred_date": "2024-01-08",
    "base_date": "2024-01-07"
  },
  {
    "h3": "grid_34.098_-118.329",
    "lat": 34.098,
    "lon": -118.329,
    "p": 0.25,
    "score": 0.48,
    "lag1": 1,
    "ma7": 6.0,
    "ma14": 12.0,
    "city": "LA",
    "pred_date": "2024-01-08",
    "base_date": "2024-01-07"
  },
  {
    "h3": "grid_34.103_-118.335",
    "lat": 34.103,
    "lon": -118.335,
    "p": 0.25,
    "score": 0.48,
    "lag1": 1,
    "ma7": 6.0,
    "ma14": 18.0,
    "city": "LA",
    "pred_date": "2024-01-08",
    "base_date": "2024-01-07"
  },
  {
    "h3": "grid_34.104_-118.333",
    "lat": 34.104,
    "lon": -118.333,
    "p": 0.25,
    "score": 0.48,
    "lag1": 1,
    "ma7": 6.0,
    "ma14": 12.0,
    "city": "LA",
    "pred_date": "2024-01-08",
    "base_date": "2024-01-07"
  },
  {
    "h3": "grid_34.114_-118.27",
    "lat": 34.114,
    "lon": -118.27,
    "p": 0.25,
    "score": 0.48,
    "lag1": 1,
    "ma7": 6.0,
    "ma14": 7.0,
    "city": "LA",
    "pred_date": "2024-01-08",
    "base_date": "2024-01-07"
  },
  {
    "h3": "grid_34.16_-118.477",
    "lat": 34.16,
    "lon": -118.477,
    "p": 0.25,
    "score": 0.48,
    "lag1": 1,
    "ma7": 6.0,
    "ma14": 10.0,
    "city": "LA",
    "pred_date": "2024-01-08",
    "base_date": "2024-01-07"
  },
  {
    "h3": "grid_34.181_-118.466",
    "lat": 34.181,
    "lon": -118.466,
    "p": 0.25,
    "score": 0.48,
    "lag1": 1,
    "ma7": 6.0,
    "ma14": 7.0,
    "city": "LA",
    "pred_date": "2024-01-08",
    "base_date": "2024-01-07"
  },
  {
    "h3": "grid_34.19_-118.457",
    "lat": 34.19,
    "lon": -118.457,
    "p": 0.25,
    "score": 0.48,
    "lag1": 1,
    "ma7": 6.0,
    "ma14": 11.0,
    "city": "LA",
    "pred_date": "2024-01-08",
    "base_date": "2024-01-07"
  },
  {
    "h3": "grid_34.1_-118.321",
    "lat": 34.1,
    "lon": -118.321,
    "p": 0.25,
    "score": 0.48,
    "lag1": 1,
    "ma7": 6.0,
    "ma14": 8.0,
    "city": "LA",
    "pred_date": "2024-01-08",
    "base_date": "2024-01-07"
  },
  {
    "h3": "grid_34.237_-118.558",
    "lat": 34.237,
    "lon": -118.558,
    "p": 0.25,
    "score": 0.48,
    "lag1": 1,
    "ma7": 6.0,
    "ma14": 7.0,
    "city": "LA",
    "pred_date": "2024-01-08",
    "base_date": "2024-01-07"
  },
  {
    "h3": "grid_34.239_-118.446",
    "lat": 34.239,
    "lon": -118.446,
    "p": 0.25,
    "score": 0.48,
    "lag1": 1,
    "ma7": 6.0,
    "ma14": 8.0,
    "city": "LA",
    "pred_date": "2024-01-08",
    "base_date": "2024-01-07"
  },
  {
    "h3": "grid_34.273_-118.42",
    "lat": 34.273,
    "lon": -118.42,
    "p": 0.25,
    "score": 0.48,
    "lag1": 1,
    "ma7": 6.0,
    "ma14": 10.0,
    "city": "LA",
    "pred_date": "2024-01-08",
    "base_date": "2024-01-07"
  },
  {
    "h3": "grid_33.736_-118.306",
    "lat": 33.736,
    "lon": -118.306,
    "p": 0.25,
    "score": 0.4,
    "lag1": 0,
    "ma7": 6.0,
    "ma14": 10.0,
    "city": "LA",
    "pred_date": "2024-01-08",
    "base_date": "2024-01-07"
  },
  {
    "h3": "grid_34.013_-118.311",
    "lat": 34.013,
    "lon": -118.311,
    "p": 0.25,
    "score": 0.4,
    "lag1": 0,
    "ma7": 6.0,
    "ma14": 9.0,
    "city": "LA",
    "pred_date": "2024-01-08",
    "base_date": "2024-01-07"
  },
  {
    "h3": "grid_34.048_-118.338",
    "lat": 34.048,
    "lon": -118.338,
    "p": 0.25,
    "score": 0.4,
    "lag1": 0,
    "ma7": 6.0,
    "ma14": 8.0,
    "city": "LA",
    "pred_date": "2024-01-08",
    "base_date": "2024-01-07"
  },
  {
    "h3": "grid_34.098_-118.332",
    "lat": 34.098,
    "lon": -118.332,
    "p": 0.25,
    "score": 0.4,
    "lag1": 0,
    "ma7": 6.0,
    "ma14": 12.0,
    "city": "LA",
    "pred_date": "2024-01-08",
    "base_date": "2024-01-07"
  },
  {
    "h3": "grid_33.783_-118.265",
    "lat": 33.783,
    "lon": -118.265,
    "p": 0.20833333333333334,
    "score": 0.375,
    "lag1": 4,
    "ma7": 5.0,
    "ma14": 7.0,
    "city": "LA",
    "pred_date": "2024-01-08",
    "base_date": "2024-01-07"
  },
  {
    "h3": "grid_33.856_-118.304",
    "lat": 33.856,
    "lon": -118.304,
    "p": 0.20833333333333334,
    "score": 0.375,
    "lag1": 1,
    "ma7": 5.0,
    "ma14": 9.0,
    "city": "LA",
    "pred_date": "2024-01-08",
    "base_date": "2024-01-07"
  },
  {
    "h3": "grid_33.943_-118.278",
    "lat": 33.943,
    "lon": -118.278,
    "p": 0.20833333333333334,
    "score": 0.375,
    "lag1": 1,
    "ma7": 5.0,
    "ma14": 7.0,
    "city": "LA",
    "pred_date": "2024-01-08",
    "base_date": "2024-01-07"
  },
  {
    "h3": "grid_33.964_-118.274",
    "lat": 33.964,
    "lon": -118.274,
    "p": 0.20833333333333334,
    "score": 0.375,
    "lag1": 1,
    "ma7": 5.0,
    "ma14": 10.0,
    "city": "LA",
    "pred_date": "2024-01-08",
    "base_date": "2024-01-07"
  },
  {
    "h3": "grid_33.966_-118.302",
    "lat": 33.966,
    "lon": -118.302,
    "p": 0.20833333333333334,
    "score": 0.375,
    "lag1": 1,
    "ma7": 5.0,
    "ma14": 10.0,
    "city": "LA",
    "pred_date": "2024-01-08",
    "base_date": "2024-01-07"
  },
  {
    "h3": "grid_33.975_-118.283",
    "lat": 33.975,
    "lon": -118.283,
    "p": 0.20833333333333334,
    "score": 0.375,
    "lag1": 1,
    "ma7": 5.0,
    "ma14": 7.0,
    "city": "LA",
    "pred_date": "2024-01-08",
    "base_date": "2024-01-07"
  },
  {
    "h3": "grid_33.975_-118.371",
    "lat": 33.975,
    "lon": -118.371,
    "p": 0.20833333333333334,
    "score": 0.375,
    "lag1": 2,
    "ma7": 5.0,
    "ma14": 8.0,
    "city": "LA",
    "pred_date": "2024-01-08",
    "base_date": "2024-01-07"
  },
  {
    "h3": "grid_33.97_-118.274",
    "lat": 33.97,
    "lon": -118.274,
    "p": 0.20833333333333334,
    "score": 0.375,
    "lag1": 2,
    "ma7": 5.0,
    "ma14": 7.0,
    "city": "LA",
    "pred_date": "2024-01-08",
    "base_date": "2024-01-07"
  },
  {
    "h3": "grid_33.981_-118.331",
    "lat": 33.981,
    "lon": -118.331,
    "p": 0.20833333333333334,
    "score": 0.375,
    "lag1": 1,
    "ma7": 5.0,
    "ma14": 7.0,
    "city": "LA",
    "pred_date": "2024-01-08",
    "base_date": "2024-01-07"
  },
  {
    "h3": "grid_33.986_-118.278",
    "lat": 33.986,
    "lon": -118.278,
    "p": 0.20833333333333334,
    "score": 0.375,
    "lag1": 1,
    "ma7": 5.0,
    "ma14": 9.0,
    "city": "LA",
    "pred_date": "2024-01-08",
    "base_date": "2024-01-07"
  },
  {
    "h3": "grid_33.986_-118.437",
    "lat": 33.986,
    "lon": -118.437,
    "p": 0.20833333333333334,
    "score": 0.375,
    "lag1": 1,
    "ma7": 5.0,
    "ma14": 7.0,
    "city": "LA",
    "pred_date": "2024-01-08",
    "base_date": "2024-01-07"
  },
  {
    "h3": "grid_33.989_-118.475",
    "lat": 33.989,
    "lon": -118.475,
    "p": 0.20833333333333334,
    "score": 0.375,
    "lag1": 1,
    "ma7": 5.0,
    "ma14": 7.0,
    "city": "LA",
    "pred_date": "2024-01-08",
    "base_date": "2024-01-07"
  },
  {
    "h3": "grid_33.996_-118.283",
    "lat": 33.996,
    "lon": -118.283,
    "p": 0.20833333333333334,
    "score": 0.375,
    "lag1": 1,
    "ma7": 5.0,
    "ma14": 9.0,
    "city": "LA",
    "pred_date": "2024-01-08",
    "base_date": "2024-01-07"
  },
  {
    "h3": "grid_34.008_-118.276",
    "lat": 34.008,
    "lon": -118.276,
    "p": 0.20833333333333334,
    "score": 0.375,
    "lag1": 1,
    "ma7": 5.0,
    "ma14": 6.0,
    "city": "LA",
    "pred_date": "2024-01-08",
    "base_date": "2024-01-07"
  },
  {
    "h3": "grid_34.013_-118.349",
    "lat": 34.013,
    "lon": -118.349,
    "p": 0.20833333333333334,
    "score": 0.375,
    "lag1": 1,
    "ma7": 5.0,
    "ma14": 9.0,
    "city": "LA",
    "pred_date": "2024-01-08",
    "base_date": "2024-01-07"
  },
  {
    "h3": "grid_34.01_-118.256",
    "lat": 34.01,
    "lon": -118.256,
    "p": 0.20833333333333334,
    "score": 0.375,
    "lag1": 1,
    "ma7": 5.0,
    "ma14": 5.0,
    "city": "LA",
    "pred_date": "2024-01-08",
    "base_date": "2024-01-07"
  },
  {
    "h3": "grid_34.021_-118.3",
    "lat": 34.021,
    "lon": -118.3,
    "p": 0.20833333333333334,
    "score": 0.375,
    "lag1": 1,
    "ma7": 5.0,
    "ma14": 7.0,
    "city": "LA",
    "pred_date": "2024-01-08",
    "base_date": "2024-01-07"
  },
  {
    "h3": "grid_34.021_-118.309",
    "lat": 34.021,
    "lon": -118.309,
    "p": 0.20833333333333334,
    "score": 0.375,
    "lag1": 1,
    "ma7": 5.0,
    "ma14": 8.0,
    "city": "LA",
    "pred_date": "2024-01-08",
    "base_date": "2024-01-07"
  },
  {
    "h3": "grid_34.032_-118.232",
    "lat": 34.032,
    "lon": -118.232,
    "p": 0.20833333333333334,
    "score": 0.375,
    "lag1": 1,
    "ma7": 5.0,
    "ma14": 5.0,
    "city": "LA",
    "pred_date": "2024-01-08",
    "base_date": "2024-01-07"
  },
  {
    "h3": "grid_34.033_-118.295",
    "lat": 34.033,
    "lon": -118.295,
    "p": 0.20833333333333334,
    "score": 0.375,
    "lag1": 1,
    "ma7": 5.0,
    "ma14": 7.0,
    "city": "LA",
    "pred_date": "2024-01-08",
    "base_date": "2024-01-07"
  },
  {
    "h3": "grid_34.047_-118.22",
    "lat": 34.047,
    "lon": -118.22,
    "p": 0.20833333333333334,
    "score": 0.375,
    "lag1": 1,
    "ma7": 5.0,
    "ma14": 10.0,
    "city": "LA",
    "pred_date": "2024-01-08",
    "base_date": "2024-01-07"
  },
  {
    "h3": "grid_34.049_-118.25",
    "lat": 34.049,
    "lon": -118.25,
    "p": 0.20833333333333334,
    "score": 0.375,
    "lag1": 1,
    "ma7": 5.0,
    "ma14": 9.0,
    "city": "LA",
    "pred_date": "2024-01-08",
    "base_date": "2024-01-07"
  },
  {
    "h3": "grid_34.04_-118.259",
    "lat": 34.04,
    "lon": -118.259,
    "p": 0.20833333333333334,
    "score": 0.375,
    "lag1": 1,
    "ma7": 5.0,
    "ma14": 11.0,
    "city": "LA",
    "pred_date": "2024-01-08",
    "base_date": "2024-01-07"
  },
  {
    "h3": "grid_34.052_-118.265",
    "lat": 34.052,
    "lon": -118.265,
    "p": 0.20833333333333334,
    "score": 0.375,
    "lag1": 1,
    "ma7": 5.0,
    "ma14": 9.0,
    "city": "LA",
    "pred_date": "2024-01-08",
    "base_date": "2024-01-07"
  }
]