[
  {
    "h3": "grid_37.784_-122.416",
    "lat": 37.784,
    "lon": -122.416,
    "p": 1.0,
    "score": 3.7199999999999998,
    "lag1": 3,
    "ma7": 21.0,
    "ma14": 55.0,
    "city": "SF",
    "pred_date": "2024-01-08",
    "base_date": "2024-01-07"
  },
  {
    "h3": "grid_37.754_-122.419",
    "lat": 37.754,
    "lon": -122.419,
    "p": 0.9523809523809523,
    "score": 3.428571428571428,
    "lag1": 1,
    "ma7": 20.0,
    "ma14": 22.0,
    "city": "SF",
    "pred_date": "2024-01-08",
    "base_date": "2024-01-07"
  },
  {
    "h3": "grid_37.786_-122.408",
    "lat": 37.786,
    "lon": -122.408,
    "p": 0.8571428571428571,
    "score": 2.88,
    "lag1": 3,
    "ma7": 18.0,
    "ma14": 36.0,
    "city": "SF",
    "pred_date": "2024-01-08",
    "base_date": "2024-01-07"
  },
  {
    "h3": "grid_37.787_-122.408",
    "lat": 37.787,
    "lon": -122.408,
    "p": 0.8571428571428571,
    "score": 2.88,
    "lag1": 1,
    "ma7": 18.0,
    "ma14": 26.0,
    "city": "SF",
    "pred_date": "2024-01-08",
    "base_date": "2024-01-07"
  },
  {
    "h3": "grid_37.788_-122.407",
    "lat": 37.788,
    "lon": -122.407,
    "p": 0.8571428571428571,
    "score": 2.88,
    "lag1": 2,
    "ma7": 18.0,
    "ma14": 36.0,
    "city": "SF",
    "pred_date": "2024-01-08",
    "base_date": "2024-01-07"
  },
  {
    "h3": "grid_37.784_-122.404",
    "lat": 37.784,
    "lon": -122.404,
    "p": 0.7619047619047619,
    "score": 2.3771428571428572,
    "lag1": 3,
    "ma7": 16.0,
    "ma14": 21.0,
    "city": "SF",
    "pred_date": "2024-01-08",
    "base_date": "2024-01-07"
  },
  {
    "h3": "grid_37.78_-122.417",
    "lat": 37.78,
    "lon": -122.417,
    "p": 0.7619047619047619,
    "score": 2.3771428571428572,
    "lag1": 2,
    "ma7": 16.0,
    "ma14": 33.0,
    "city": "SF",
    "pred_date": "2024-01-08",
    "base_date": "2024-01-07"
  },
  {
    "h3": "grid_37.786_-122.416",
    "lat": 37.786,
    "lon": -122.416,
    "p": 0.7142857142857143,
    "score": 2.142857142857143,
    "lag1": 2,
    "ma7": 15.0,
    "ma14": 24.0,
    "city": "SF",
    "pred_date": "2024-01-08",
    "base_date": "2024-01-07"
  },
  {
    "h3": "grid_37.752_-122.419",
    "lat": 37.752,
    "lon": -122.419,
    "p": 0.6190476190476191,
    "score": 1.7085714285714286,
    "lag1": 1,
    "ma7": 13.0,
    "ma14": 24.0,
    "city": "SF",
    "pred_date": "2024-01-08",
    "base_date": "2024-01-07"
  },
  {
    "h3": "grid_37.786_-122.413",
    "lat": 37.786,
    "lon": -122.413,
    "p": 0.6190476190476191,
    "score": 1.7085714285714286,
    "lag1": 1,
    "ma7": 13.0,
    "ma14": 20.0,
    "city": "SF",
    "pred_date": "2024-01-08",
    "base_date": "2024-01-07"
  },
  {
    "h3": "grid_37.788_-122.422",
    "lat": 37.788,
    "lon": -122.422,
    "p": 0.6190476190476191,
    "score": 1.7085714285714286,
    "lag1": 1,
    "ma7": 13.0,
    "ma14": 35.0,
    "city": "SF",
    "pred_date": "2024-01-08",
    "base_date": "2024-01-07"
  },
  {
    "h3": "grid_37.739_-122.401",
    "lat": 37.739,
    "lon": -122.401,
    "p": 0.5714285714285714,
    "score": 1.5085714285714285,
    "lag1": 1,
    "ma7": 12.0,
    "ma14": 14.0,
    "city": "SF",
    "pred_date": "2024-01-08",
    "base_date": "2024-01-07"
  },
  {
    "h3": "grid_37.73_-122.476",
    "lat": 37.73,
    "lon": -122.476,
    "p": 0.5714285714285714,
    "score": 1.5085714285714285,
    "lag1": 2,
    "ma7": 12.0,
    "ma14": 26.0,
    "city": "SF",
    "pred_date": "2024-01-08",
    "base_date": "2024-01-07"
  },
  {
    "h3": "grid_37.746_-122.386",
    "lat": 37.746,
    "lon": -122.386,
    "p": 0.5714285714285714,
    "score": 1.5085714285714285,
    "lag1": 3,
    "ma7": 12.0,
    "ma14": 23.0,
    "city": "SF",
    "pred_date": "2024-01-08",
    "base_date": "2024-01-07"
  },
  {
    "h3": "grid_37.761_-122.435",
    "lat": 37.761,
    "lon": -122.435,
    "p": 0.5714285714285714,
    "score": 1.5085714285714285,
    "lag1": 1,
    "ma7": 12.0,
    "ma14": 20.0,
    "city": "SF",
    "pred_date": "2024-01-08",
    "base_date": "2024-01-07"
  },
  {
    "h3": "grid_37.763_-122.422",
    "lat": 37.763,
    "lon": -122.422,
    "p": 0.5714285714285714,
    "score": 1.5085714285714285,
    "lag1": 1,
    "ma7": 12.0,
    "ma14": 20.0,
    "city": "SF",
    "pred_date": "2024-01-08",
    "base_date": "2024-01-07"
  },
  {
    "h3": "grid_37.776_-122.421",
    "lat": 37.776,
    "lon": -122.421,
    "p": 0.5714285714285714,
    "score": 1.5085714285714285,
    "lag1": 2,
    "ma7": 12.0,
    "ma14": 34.0,
    "city": "SF",
    "pred_date": "2024-01-08",
    "base_date": "2024-01-07"
  },
  {
    "h3": "grid_37.786_-122.453",
    "lat": 37.786,
    "lon": -122.453,
    "p": 0.5714285714285714,
    "score": 1.5085714285714285,
    "lag1": 1,
    "ma7": 12.0,
    "ma14": 19.0,
    "city": "SF",
    "pred_date": "2024-01-08",
    "base_date": "2024-01-07"
  },
  {
    "h3": "grid_37.799_-122.438",
    "lat": 37.799,
    "lon": -122.438,
    "p": 0.5714285714285714,
    "score": 1.5085714285714285,
    "lag1": 2,
    "ma7": 12.0,
    "ma14": 14.0,
    "city": "SF",
    "pred_date": "2024-01-08",
    "base_date": "2024-01-07"
  },
  {
    "h3": "grid_37.807_-122.409",
    "lat": 37.807,
    "lon": -122.409,
    "p": 0.5714285714285714,
    "score": 1.5085714285714285,
    "lag1": 1,
    "ma7": 12.0,
    "ma14": 27.0,
    "city": "SF",
    "pred_date": "2024-01-08",
    "base_date": "2024-01-07"
  },
  {
    "h3": "grid_37.732_-122.449",
    "lat": 37.732,
    "lon": -122.449,
    "p": 0.5238095238095238,
    "score": 1.32,
    "lag1": 1,
    "ma7": 11.0,
    "ma14": 11.0,
    "city": "SF",
    "pred_date": "2024-01-08",
    "base_date": "2024-01-07"
  },
  {
    "h3": "grid_37.766_-122.41",
    "lat": 37.766,
    "lon": -122.41,
    "p": 0.5238095238095238,
    "score": 1.32,
    "lag1": 2,
    "ma7": 11.0,
    "ma14": 16.0,
    "city": "SF",
    "pred_date": "2024-01-08",
    "base_date": "2024-01-07"
  },
  {
    "h3": "grid_37.769_-122.413",
    "lat": 37.769,
    "lon": -122.413,
    "p": 0.5238095238095238,
    "score": 1.32,
    "lag1": 1,
    "ma7": 11.0,
    "ma14": 15.0,
    "city": "SF",
    "pred_date": "2024-01-08",
    "base_date": "2024-01-07"
  },
  {
    "h3": "grid_37.783_-122.419",
    "lat": 37.783,
    "lon": -122.419,
    "p": 0.5238095238095238,
    "score": 1.32,
    "lag1": 3,
    "ma7": 11.0,
    "ma14": 27.0,
    "city": "SF",
    "pred_date": "2024-01-08",
    "base_date": "2024-01-07"
  },
  {
    "h3": "grid_37.784_-122.408",
    "lat": 37.784,
    "lon": -122.408,
    "p": 0.5238095238095238,
    "score": 1.32,
    "lag1": 1,
    "ma7": 11.0,
    "ma14": 17.0,
    "city": "SF",
    "pred_date": "2024-01-08",
    "base_date": "2024-01-07"
  },
  {
    "h3": "grid_37.799_-122.436",
    "lat": 37.799,
    "lon": -122.436,
    "p": 0.5238095238095238,
    "score": 1.32,
    "lag1": 2,
    "ma7": 11.0,
    "ma14": 12.0,
    "city": "SF",
    "pred_date": "2024-01-08",
    "base_date": "2024-01-07"
  },
  {
    "h3": "grid_37.79_-122.391",
    "lat": 37.79,
    "lon": -122.391,
    "p": 0.5238095238095238,
    "score": 1.32,
    "lag1": 4,
    "ma7": 11.0,
    "ma14": 20.0,
    "city": "SF",
    "pred_date": "2024-01-08",
    "base_date": "2024-01-07"
  },
  {
    "h3": "grid_37.745_-122.406",
    "lat": 37.745,
    "lon": -122.406,
    "p": 0.47619047619047616,
    "score": 1.1428571428571428,
    "lag1": 4,
    "ma7": 10.0,
    "ma14": 16.0,
    "city": "SF",
    "pred_date": "2024-01-08",
    "base_date": "2024-01-07"
  },
  {
    "h3": "grid_37.771_-122.386",
    "lat": 37.771,
    "lon": -122.386,
    "p": 0.47619047619047616,
    "score": 1.1428571428571428,
    "lag1": 2,
    "ma7": 10.0,
    "ma14": 12.0,
    "city": "SF",
    "pred_date": "2024-01-08",
    "base_date": "2024-01-07"
  },
  {
    "h3": "grid_37.783_-122.468",
    "lat": 37.783,
    "lon": -122.468,
    "p": 0.47619047619047616,
    "score": 1.1428571428571428,
    "lag1": 1,
    "ma7": 10.0,
    "ma14": 11.0,
    "city": "SF",
    "pred_date": "2024-01-08",
    "base_date": "2024-01-07"
  },
  {
    "h3": "grid_37.73_-122.397",
    "lat": 37.73,
    "lon": -122.397,
    "p": 0.42857142857142855,
    "score": 0.977142857142857,
    "lag1": 1,
    "ma7": 9.0,
    "ma14": 9.0,
    "city": "SF",
    "pred_date": "2024-01-08",
    "base_date": "2024-01-07"
  },
  {
    "h3": "grid_37.762_-122.419",
    "lat": 37.762,
    "lon": -122.419,
    "p": 0.42857142857142855,
    "score": 0.977142857142857,
    "lag1": 1,
    "ma7": 9.0,
    "ma14": 10.0,
    "city": "SF",
    "pred_date": "2024-01-08",
    "base_date": "2024-01-07"
  },
  {
    "h3": "grid_37.765_-122.422",
    "lat": 37.765,
    "lon": -122.422,
    "p": 0.42857142857142855,
    "score": 0.977142857142857,
    "lag1": 2,
    "ma7": 9.0,
    "ma14": 17.0,
    "city": "SF",
    "pred_date": "2024-01-08",
    "base_date": "2024-01-07"
  },
  {
    "h3": "grid_37.767_-122.42",
    "lat": 37.767,
    "lon": -122.42,
    "p": 0.42857142857142855,
    "score": 0.977142857142857,
    "lag1": 1,
    "ma7": 9.0,
    "ma14": 12.0,
    "city": "SF",
    "pred_date": "2024-01-08",
    "base_date": "2024-01-07"
  },
  {
    "h3": "grid_37.773_-122.412",
    "lat": 37.773,
    "lon": -122.412,
    "p": 0.42857142857142855,
    "score": 0.977142857142857,
    "lag1": 3,
    "ma7": 9.0,
    "ma14": 12.0,
    "city": "SF",
    "pred_date": "2024-01-08",
    "base_date": "2024-01-07"
  },
  {
    "h3": "grid_37.778_-122.42",
    "lat": 37.778,
    "lon": -122.42,
    "p": 0.42857142857142855,
    "score": 0.977142857142857,
    "lag1": 1,
    "ma7": 9.0,
    "ma14": 22.0,
    "city": "SF",
    "pred_date": "2024-01-08",
    "base_date": "2024-01-07"
  },
  {
    "h3": "grid_37.783_-122.418",
    "lat": 37.783,
    "lon": -122.418,
    "p": 0.42857142857142855,
    "score": 0.977142857142857,
    "lag1": 3,
    "ma7": 9.0,
    "ma14": 27.0,
    "city": "SF",
    "pred_date": "2024-01-08",
    "base_date": "2024-01-07"
  },
  {
    "h3": "grid_37.783_-122.422",
    "lat": 37.783,
    "lon": -122.422,
    "p": 0.42857142857142855,
    "score": 0.977142857142857,
    "lag1": 1,
    "ma7": 9.0,
    "ma14": 22.0,
    "city": "SF",
    "pred_date": "2024-01-08",
    "base_date": "2024-01-07"
  },
  {
    "h3": "grid_37.785_-122.431",
    "lat": 37.785,
    "lon": -122.431,
    "p": 0.42857142857142855,
    "score": 0.977142857142857,
    "lag1": 1,
    "ma7": 9.0,
    "ma14": 18.0,
    "city": "SF",
    "pred_date": "2024-01-08",
    "base_date": "2024-01-07"
  },
  {
    "h3": "grid_37.786_-122.43",
    "lat": 37.786,
    "lon": -122.43,
    "p": 0.42857142857142855,
    "score": 0.977142857142857,
    "lag1": 1,
    "ma7": 9.0,
    "ma14": 18.0,
    "city": "SF",
    "pred_date": "2024-01-08",
    "base_date": "2024-01-07"
  },
  {
    "h3": "grid_37.786_-122.5",
    "lat": 37.786,
    "lon": -122.5,
    "p": 0.42857142857142855,
    "score": 0.977142857142857,
    "lag1": 1,
    "ma7": 9.0,
    "ma14": 10.0,
    "city": "SF",
    "pred_date": "2024-01-08",
    "base_date": "2024-01-07"
  },
  {
    "h3": "grid_37.78_-122.432",
    "lat": 37.78,
    "lon": -122.432,
    "p": 0.42857142857142855,
    "score": 0.977142857142857,
    "lag1": 2,
    "ma7": 9.0,
    "ma14": 16.0,
    "city": "SF",
    "pred_date": "2024-01-08",
    "base_date": "2024-01-07"
  },
  {
    "h3": "grid_37.796_-122.405",
    "lat": 37.796,
    "lon": -122.405,
    "p": 0.42857142857142855,
    "score": 0.977142857142857,
    "lag1": 2,
    "ma7": 9.0,
    "ma14": 15.0,
    "city": "SF",
    "pred_date": "2024-01-08",
    "base_date": "2024-01-07"
  },
  {
    "h3": "grid_37.799_-122.439",
    "lat": 37.799,
    "lon": -122.439,
    "p": 0.42857142857142855,
    "score": 0.977142857142857,
    "lag1": 3,
    "ma7": 9.0,
    "ma14": 20.0,
    "city": "SF",
    "pred_date": "2024-01-08",
    "base_date": "2024-01-07"
  },
  {
    "h3": "grid_37.801_-122.438",
    "lat": 37.801,
    "lon": -122.438,
    "p": 0.42857142857142855,
    "score": 0.977142857142857,
    "lag1": 1,
    "ma7": 9.0,
    "ma14": 13.0,
    "city": "SF",
    "pred_date": "2024-01-08",
    "base_date": "2024-01-07"
  },
  {
    "h3": "grid_37.716_-122.442",
    "lat": 37.716,
    "lon": -122.442,
    "p": 0.38095238095238093,
    "score": 0.8228571428571428,
    "lag1": 1,
    "ma7": 8.0,
    "ma14": 10.0,
    "city": "SF",
    "pred_date": "2024-01-08",
    "base_date": "2024-01-07"
  },
  {
    "h3": "grid_37.746_-122.394",
    "lat": 37.746,
    "lon": -122.394,
    "p": 0.38095238095238093,
    "score": 0.8228571428571428,
    "lag1": 1,
    "ma7": 8.0,
    "ma14": 18.0,
    "city": "SF",
    "pred_date": "2024-01-08",
    "base_date": "2024-01-07"
  },
  {
    "h3": "grid_37.752_-122.421",
    "lat": 37.752,
    "lon": -122.421,
    "p": 0.38095238095238093,
    "score": 0.8228571428571428,
    "lag1": 1,
    "ma7": 8.0,
    "ma14": 23.0,
    "city": "SF",
    "pred_date": "2024-01-08",
    "base_date": "2024-01-07"
  },
  {
    "h3": "grid_37.752_-122.446",
    "lat": 37.752,
    "lon": -122.446,
    "p": 0.38095238095238093,
    "score": 0.8228571428571428,
    "lag1": 2,
    "ma7": 8.0,
    "ma14": 12.0,
    "city": "SF",
    "pred_date": "2024-01-08",
    "base_date": "2024-01-07"
  }
]